{
    "data": {
        "countcommenturl": "http://zhbj.qianlong.com/client/content/countComment/",
        "more": "http://zhbj.qianlong.com/static/api/news/10003/list_3.json",
        "news": [
            {
                "comment": true,
                "commentlist": "http://zhbj.qianlong.com/static/api/news/10003/58/69858/comment_1.json",
                "commenturl": "http://zhbj.qianlong.com/client/user/newComment/69858",
                "id": 69858,
                "largeimage": "http://zhbj.qianlong.com/static/images/2014/09/15/64/476518773M1A.jpg",
                "listimage": "http://10.0.2.2:8080/zhbj/photos/images/46728356TPLP.jpg",
                "pubdate": "2014-09-15 11:12",
                "smallimage": "http://zhbj.qianlong.com/static/images/2014/09/15/75/48575398UFLU.jpg",
                "title": "世界体育舞蹈大奖赛：都是表情帝",
                "type": "news",
                "url": "http://zhbj.qianlong.com/static/html/2014/09/15/72486E5D4F651A7E692A.html"
            },
            {
                "comment": true,
                "commentlist": "http://zhbj.qianlong.com/static/api/news/10003/49/69849/comment_1.json",
                "commenturl": "http://zhbj.qianlong.com/client/user/newComment/69849",
                "id": 69849,
                "largeimage": "http://zhbj.qianlong.com/static/images/2014/09/15/48/47651877S89A.jpg",
                "listimage": "http://10.0.2.2:8080/zhbj/photos/images/46728356B9JN.jpg",
                "pubdate": "2014-09-15 10:55",
                "smallimage": "http://zhbj.qianlong.com/static/images/2014/09/15/46/4857539860J6.jpg",
                "title": "广西一猪肉铺开张 给猪办婚礼",
                "type": "news",
                "url": "http://zhbj.qianlong.com/static/html/2014/09/15/774D6E5D406A1E7B6E2C.html"
            },
            {
                "comment": true,
                "commentlist": "http://zhbj.qianlong.com/static/api/news/10003/41/69841/comment_1.json",
                "commenturl": "http://zhbj.qianlong.com/client/user/newComment/69841",
                "id": 69841,
                "largeimage": "http://zhbj.qianlong.com/static/images/2014/09/15/83/47651877196E.jpg",
                "listimage": "http://10.0.2.2:8080/zhbj/photos/images/4672835624SS.jpg",
                "pubdate": "2014-09-15 10:47",
                "smallimage": "http://zhbj.qianlong.com/static/images/2014/09/15/33/485753984J9Q.jpg",
                "title": "人体宠妆秀 性感人体彩绘博眼球",
                "type": "news",
                "url": "http://zhbj.qianlong.com/static/html/2014/09/15/754F66554C66187D6822.html"
            },
            {
                "comment": true,
                "commentlist": "http://zhbj.qianlong.com/static/api/news/10003/12/69812/comment_1.json",
                "commenturl": "http://zhbj.qianlong.com/client/user/newComment/69812",
                "id": 69812,
                "largeimage": "http://zhbj.qianlong.com/static/images/2014/09/15/55/47651877P8HD.jpg",
                "listimage": "http://10.0.2.2:8080/zhbj/photos/images/46728356A63L.jpg",
                "pubdate": "2014-09-15 10:07",
                "smallimage": "http://zhbj.qianlong.com/static/images/2014/09/15/89/48575398GT9A.jpg",
                "title": "荷兰掀起番茄大战",
                "type": "news",
                "url": "http://zhbj.qianlong.com/static/html/2014/09/15/704A6B584B611F7F6C25.html"
            },
            {
                "comment": true,
                "commentlist": "http://zhbj.qianlong.com/static/api/news/10003/91/69791/comment_1.json",
                "commenturl": "http://zhbj.qianlong.com/client/user/newComment/69791",
                "id": 69791,
                "largeimage": "http://zhbj.qianlong.com/static/images/2014/09/15/83/476518779AQ3.jpg",
                "listimage": "http://10.0.2.2:8080/zhbj/photos/images/46728356VQ7N.jpg",
                "pubdate": "2014-09-15 09:48",
                "smallimage": "http://zhbj.qianlong.com/static/images/2014/09/15/66/48575398JJ6P.jpg",
                "title": "美国队篮球世界杯夺冠",
                "type": "news",
                "url": "http://zhbj.qianlong.com/static/html/2014/09/15/704A66554A6F1F776F25.html"
            },
            {
                "comment": true,
                "commentlist": "http://zhbj.qianlong.com/static/api/news/10003/75/69775/comment_1.json",
                "commenturl": "http://zhbj.qianlong.com/client/user/newComment/69775",
                "id": 69775,
                "largeimage": "http://zhbj.qianlong.com/static/images/2014/09/15/14/47651877JTQR.jpg",
                "listimage": "http://10.0.2.2:8080/zhbj/photos/images/46728356C72F.jpg",
                "pubdate": "2014-09-15 09:35",
                "smallimage": "http://zhbj.qianlong.com/static/images/2014/09/15/5/48575398ZX2H.jpg",
                "title": "浙大军训女神曝光",
                "type": "news",
                "url": "http://zhbj.qianlong.com/static/html/2014/09/15/714B6B58486D187E6729.html"
            },
            {
                "comment": true,
                "commentlist": "http://zhbj.qianlong.com/static/api/news/10003/65/69765/comment_1.json",
                "commenturl": "http://zhbj.qianlong.com/client/user/newComment/69765",
                "id": 69765,
                "largeimage": "http://zhbj.qianlong.com/static/images/2014/09/15/61/1456944923XX78.jpg",
                "listimage": "http://10.0.2.2:8080/zhbj/photos/images/1477262385KXA2.jpg",
                "pubdate": "2014-09-15 09:30",
                "smallimage": "http://zhbj.qianlong.com/static/images/2014/09/15/50/1478185906T8HA.jpg",
                "title": "震撼！迪拜摩天大楼雾中“漂浮”",
                "type": "news",
                "url": "http://zhbj.qianlong.com/static/html/2014/09/15/764C6F5C496C11766E20.html"
            },
            {
                "comment": true,
                "commentlist": "http://zhbj.qianlong.com/static/api/news/10003/60/69760/comment_1.json",
                "commenturl": "http://zhbj.qianlong.com/client/user/newComment/69760",
                "id": 69760,
                "largeimage": "http://zhbj.qianlong.com/static/images/2014/09/15/11/47651877D2LI.jpg",
                "listimage": "http://10.0.2.2:8080/zhbj/photos/images/467283560AIG.jpg",
                "pubdate": "2014-09-15 09:25",
                "smallimage": "http://zhbj.qianlong.com/static/images/2014/09/15/32/48575398CREC.jpg",
                "title": "激情水秀亮相奥林匹克森林公园",
                "type": "news",
                "url": "http://zhbj.qianlong.com/static/html/2014/09/15/774D6B584F6A10776922.html"
            },
            {
                "comment": true,
                "commentlist": "http://zhbj.qianlong.com/static/api/news/10003/25/69225/comment_1.json",
                "commenturl": "http://zhbj.qianlong.com/client/user/newComment/69225",
                "id": 69225,
                "largeimage": "http://zhbj.qianlong.com/static/images/2014/09/12/28/476518778LIG.jpg",
                "listimage": "http://10.0.2.2:8080/zhbj/photos/images/467283569VN0.jpg",
                "pubdate": "2014-09-12 08:43",
                "smallimage": "http://zhbj.qianlong.com/static/images/2014/09/12/1/48575398FSY7.jpg",
                "title": "巴西奇观：沙漠中的海洋",
                "type": "news",
                "url": "http://zhbj.qianlong.com/static/html/2014/09/12/704A6A594A6A197A6B25.html"
            },
            {
                "comment": true,
                "commentlist": "http://zhbj.qianlong.com/static/api/news/10003/54/68854/comment_1.json",
                "commenturl": "http://zhbj.qianlong.com/client/user/newComment/68854",
                "id": 68854,
                "largeimage": "http://zhbj.qianlong.com/static/images/2014/09/11/16/47651877M25Z.jpg",
                "listimage": "http://10.0.2.2:8080/zhbj/photos/images/467283564F8F.jpg",
                "pubdate": "2014-09-11 07:54",
                "smallimage": "http://zhbj.qianlong.com/static/images/2014/09/11/98/48575398WPMM.jpg",
                "title": "人满为患的意大利海滩",
                "type": "news",
                "url": "http://zhbj.qianlong.com/static/html/2014/09/11/704A67554F65197D6728.html"
            },
            {
                "comment": true,
                "commentlist": "http://zhbj.qianlong.com/static/api/news/10003/67/68067/comment_1.json",
                "commenturl": "http://zhbj.qianlong.com/client/user/newComment/68067",
                "id": 68067,
                "largeimage": "http://zhbj.qianlong.com/static/images/2014/09/07/26/1623178703XC6N.jpg",
                "listimage": "http://10.0.2.2:8080/zhbj/photos/images/1159137654Z3JF.jpg",
                "pubdate": "2014-09-07 10:46",
                "smallimage": "http://zhbj.qianlong.com/static/images/2014/09/07/18/162225518280VV.jpg",
                "title": "父母网晒“熊孩子”被卡囧图",
                "type": "news",
                "url": "http://zhbj.qianlong.com/static/html/2014/09/07/774D695B4F6D197E6E22.html"
            },
            {
                "comment": true,
                "commentlist": "http://zhbj.qianlong.com/static/api/news/10003/59/68059/comment_1.json",
                "commenturl": "http://zhbj.qianlong.com/client/user/newComment/68059",
                "id": 68059,
                "largeimage": "http://zhbj.qianlong.com/static/images/2014/09/07/13/1535444208YWQQ.jpg",
                "listimage": "http://10.0.2.2:8080/zhbj/photos/images/416060297W7PS.jpg",
                "pubdate": "2014-09-07 09:51",
                "smallimage": "http://zhbj.qianlong.com/static/images/2014/09/07/29/1534520687748B.jpg",
                "title": "天津首家“监狱”主题餐厅开业",
                "type": "news",
                "url": "http://zhbj.qianlong.com/static/html/2014/09/07/72486C5E40621F7B6D2F.html"
            },
            {
                "comment": true,
                "commentlist": "http://zhbj.qianlong.com/static/api/news/10003/87/67687/comment_1.json",
                "commenturl": "http://zhbj.qianlong.com/client/user/newComment/67687",
                "id": 67687,
                "largeimage": "http://zhbj.qianlong.com/static/images/2014/09/05/21/1569614485805D.jpg",
                "listimage": "http://10.0.2.2:8080/zhbj/photos/images/1475338884JOAT.jpg",
                "pubdate": "2014-09-05 08:58",
                "smallimage": "http://zhbj.qianlong.com/static/images/2014/09/05/0/1568690964EDQ7.jpg",
                "title": "宇航员发绝美地球表面照片",
                "type": "news",
                "url": "http://zhbj.qianlong.com/static/html/2014/09/05/714B69544F6B1178662A.html"
            },
            {
                "comment": true,
                "commentlist": "http://zhbj.qianlong.com/static/api/news/10003/36/66736/comment_1.json",
                "commenturl": "http://zhbj.qianlong.com/client/user/newComment/66736",
                "id": 66736,
                "largeimage": "http://zhbj.qianlong.com/static/images/2014/09/02/62/1651807854W3YM.jpg",
                "listimage": "http://10.0.2.2:8080/zhbj/photos/images/271633973PFBD.jpg",
                "pubdate": "2014-09-02 10:42",
                "smallimage": "http://zhbj.qianlong.com/static/images/2014/09/02/54/16508843332IU2.jpg",
                "title": "徐娇庆祝开学穿制服秀美腿",
                "type": "news",
                "url": "http://zhbj.qianlong.com/static/html/2014/09/02/72486C50416411736B26.html"
            },
            {
                "comment": true,
                "commentlist": "http://zhbj.qianlong.com/static/api/news/10003/53/66053/comment_1.json",
                "commenturl": "http://zhbj.qianlong.com/client/user/newComment/66053",
                "id": 66053,
                "largeimage": "http://zhbj.qianlong.com/static/images/2014/08/29/29/1593626031DJPP.jpg",
                "listimage": "http://10.0.2.2:8080/zhbj/photos/images/2075270486S6OP.jpg",
                "pubdate": "2014-08-29 10:47",
                "smallimage": "http://zhbj.qianlong.com/static/images/2014/08/29/83/1592702510XMU4.jpg",
                "title": "陈乔恩杂志大片 变身性感小野猫",
                "type": "news",
                "url": "http://zhbj.qianlong.com/static/html/2014/08/29/714B6C504F6D11756B23.html"
            },
            {
                "comment": true,
                "commentlist": "http://zhbj.qianlong.com/static/api/news/10003/23/65723/comment_1.json",
                "commenturl": "http://zhbj.qianlong.com/client/user/newComment/65723",
                "id": 65723,
                "largeimage": "http://zhbj.qianlong.com/static/images/2014/08/28/95/47651877QEZ4.jpg",
                "listimage": "http://10.0.2.2:8080/zhbj/photos/images/46728356JBUO.jpg",
                "pubdate": "2014-08-28 11:24",
                "smallimage": "http://zhbj.qianlong.com/static/images/2014/08/28/30/48575398W5QG.jpg",
                "title": "港姐佳丽泳装登上“水上擂台”",
                "type": "news",
                "url": "http://zhbj.qianlong.com/static/html/2014/08/28/72486B544C69197A672F.html"
            },
            {
                "comment": true,
                "commentlist": "http://zhbj.qianlong.com/static/api/news/10003/58/64758/comment_1.json",
                "commenturl": "http://zhbj.qianlong.com/client/user/newComment/64758",
                "id": 64758,
                "largeimage": "http://zhbj.qianlong.com/static/images/2014/08/25/69/16536548962BV8.jpg",
                "listimage": "http://10.0.2.2:8080/zhbj/photos/images/1654578417D8KH.jpg",
                "pubdate": "2014-08-25 16:03",
                "smallimage": "http://zhbj.qianlong.com/static/images/2014/08/25/83/1655501938J9JP.jpg",
                "title": "这样的蹦极你吓尿了没",
                "type": "news",
                "url": "http://zhbj.qianlong.com/static/html/2014/08/25/764C6A544A6F1D796F2C.html"
            },
            {
                "comment": true,
                "commentlist": "http://zhbj.qianlong.com/static/api/news/10003/79/64079/comment_1.json",
                "commenturl": "http://zhbj.qianlong.com/client/user/newComment/64079",
                "id": 64079,
                "largeimage": "http://zhbj.qianlong.com/static/images/2014/08/21/68/47651877GL9Q.jpg",
                "listimage": "http://10.0.2.2:8080/zhbj/photos/images/46728356LEHA.jpg",
                "pubdate": "2014-08-21 20:18",
                "smallimage": "http://zhbj.qianlong.com/static/images/2014/08/21/8/4857539871UL.jpg",
                "title": "中关村上演集体冰桶挑战",
                "type": "news",
                "url": "http://zhbj.qianlong.com/static/html/2014/08/21/72486A5440621B7D6D2F.html"
            },
            {
                "comment": true,
                "commentlist": "http://zhbj.qianlong.com/static/api/news/10003/77/64077/comment_1.json",
                "commenturl": "http://zhbj.qianlong.com/client/user/newComment/64077",
                "id": 64077,
                "largeimage": "http://zhbj.qianlong.com/static/images/2014/08/21/80/47651877VUI1.jpg",
                "listimage": "http://10.0.2.2:8080/zhbj/photos/images/4672835620H3.jpg",
                "pubdate": "2014-08-21 20:05",
                "smallimage": "http://zhbj.qianlong.com/static/images/2014/08/21/40/48575398LSRA.jpg",
                "title": "【创意】人体沙丘",
                "type": "news",
                "url": "http://zhbj.qianlong.com/static/html/2014/08/21/764C6E504C6E1C7A6C20.html"
            },
            {
                "comment": true,
                "commentlist": "http://zhbj.qianlong.com/static/api/news/10003/54/63954/comment_1.json",
                "commenturl": "http://zhbj.qianlong.com/client/user/newComment/63954",
                "id": 63954,
                "largeimage": "http://zhbj.qianlong.com/static/images/2014/08/21/90/1536367729II9G.jpg",
                "listimage": "http://10.0.2.2:8080/zhbj/photos/images/444689448OOUL.jpg",
                "pubdate": "2014-08-21 13:46",
                "smallimage": "http://zhbj.qianlong.com/static/images/2014/08/21/47/1535444208RU6U.jpg",
                "title": "3D打印机打出的奇葩玩意儿",
                "type": "news",
                "url": "http://zhbj.qianlong.com/static/html/2014/08/21/774D665F4C671B7F6D22.html"
            }
        ],
        "title": "组图"
    },
    "retcode": 200
}